movie_id,genre_id
157336,12
157336,18
157336,878
27205,28
27205,878
27205,12
24428,878
24428,28
24428,12
155,28
155,80
155,53
19995,28
19995,878
19995,12
293660,28
293660,12
293660,35
550,18
550,53
299536,12
299536,28
299536,878
278,18
278,80
680,53
680,80
680,35
13,35
13,18
13,10749
118340,28
118340,878
118340,12
671,12
671,14
1726,28
1726,878
1726,12
603,28
603,878
68718,18
68718,37
299534,12
299534,878
299534,28
475557,80
475557,53
475557,18
120,12
120,14
120,28
597,18
597,10749
122,12
122,14
122,28
106646,80
106646,18
106646,35
11324,18
11324,53
11324,9648
99861,28
99861,12
99861,878
49026,28
49026,80
49026,18
49026,53
16869,18
16869,53
16869,10752
76341,28
76341,12
76341,878
271110,12
271110,28
271110,878
121,12
121,14
121,28
672,12
672,14
284054,28
284054,12
284054,878
150540,16
150540,10751
150540,12
150540,18
150540,35
284052,14
284052,12
284052,28
68721,28
68721,12
68721,878
70160,878
70160,12
70160,28
70160,53
315635,28
315635,12
315635,878
807,80
807,9648
807,53
673,12
673,14
238,18
238,80
283995,878
283995,12
283995,28
1771,28
1771,12
1771,878
272,18
272,80
272,28
10138,12
10138,28
10138,878
11,12
11,28
11,878
10195,12
10195,14
10195,28
22,12
22,14
22,28
634649,28
634649,12
634649,878
674,12
674,14
297761,28
297761,12
297761,14
284053,28
284053,878
284053,35
284053,12
12445,12
12445,14
105,12
105,35
105,878
14160,16
14160,35
14160,10751
14160,12
135397,12
135397,878
135397,53
286217,878
286217,18
286217,12
354912,10751
354912,16
354912,10402
354912,12
98,28
98,18
98,12
245891,28
245891,53
297762,28
297762,12
297762,14
102899,878
102899,12
102899,28
675,12
675,14
767,12
767,14
557,28
557,878
496243,35
496243,53
496243,18
12,16
12,10751
12,12
140607,12
140607,28
140607,878
263115,28
263115,18
263115,878
12444,12
12444,14
10681,16
10681,10751
10681,878
37165,35
37165,18
346364,27
346364,53
346364,18
862,10751
862,35
862,16
862,12
100402,28
100402,12
100402,878
210577,9648
210577,53
210577,18
585,16
585,35
585,10751
585,14
8587,16
8587,10751
8587,18
49051,12
49051,14
49051,28
259316,14
259316,12
329865,18
329865,878
329865,9648
497,14
497,18
497,80
281957,37
281957,18
281957,12
383498,28
383498,35
383498,12
209112,28
209112,12
209112,14
24,28
24,80
694,27
694,53
419430,9648
419430,53
419430,27
9806,28
9806,12
9806,16
9806,10751
808,16
808,35
808,14
808,12
808,10751
1930,28
1930,12
1930,878
2062,16
2062,35
2062,10751
2062,14
77338,18
77338,35
129,16
129,10751
129,14
1891,12
1891,28
1891,878
101299,12
101299,28
101299,878
76338,28
76338,12
76338,14
381288,27
381288,53
269149,16
269149,12
269149,10751
269149,35
18785,35
313369,35
313369,18
313369,10749
198663,28
198663,9648
198663,878
198663,53
205596,36
205596,18
205596,53
205596,10752
274,80
274,53
274,18
329,12
329,878
207703,80
207703,35
207703,28
207703,12
424694,10402
424694,18
1124,18
1124,9648
1124,878
374720,10752
374720,28
374720,18
109445,16
109445,10751
109445,12
109445,14
424,18
424,36
424,10752
324857,16
324857,28
324857,12
324857,878
857,10752
857,18
857,36
335983,878
335983,28
58,12
58,14
58,28
640,18
640,80
429617,28
429617,12
429617,878
240832,28
240832,878
333339,12
333339,28
333339,878
1892,12
1892,28
1892,878
6479,18
6479,878
6479,53
339403,28
339403,80
75656,53
75656,80
299537,28
299537,12
299537,878
244786,18
244786,10402
244786,53
131631,878
131631,12
131631,53
72190,28
72190,27
72190,878
177572,12
177572,10751
177572,16
177572,28
177572,35
558,28
558,12
558,878
348,27
348,878
330459,28
330459,12
330459,878
38,878
38,18
38,10749
181808,12
181808,28
181808,878
49047,878
49047,53
49047,18
77,9648
77,53
127585,28
127585,12
127585,878
1422,18
1422,53
1422,80
49521,28
49521,12
49521,878
120467,35
120467,18
101,80
101,18
101,28
118,12
118,35
118,10751
118,14
37724,28
37724,12
37724,53
20352,16
20352,35
20352,80
20352,878
20352,10751
321612,10751
321612,14
321612,10749
1893,12
1893,28
1893,878
10193,16
10193,10751
10193,35
752,28
752,53
752,878
44214,18
44214,53
44214,27
285,12
285,14
285,28
500,80
500,53
122917,28
122917,12
122917,14
447332,27
447332,18
447332,878
152601,10749
152601,878
152601,18
559,28
559,12
559,878
273248,18
273248,9648
273248,37
335984,878
335984,18
920,16
920,12
920,35
920,10751
137113,28
137113,878
393,28
393,80
393,53
438631,878
438631,12
78,878
78,18
78,53
863,16
863,35
863,10751
1895,12
1895,28
1895,878
1865,12
1865,28
1865,14
324786,18
324786,36
324786,10752
297802,28
297802,12
297802,14
466272,35
466272,18
466272,53
607,28
607,12
607,35
607,878
12155,10751
12155,14
12155,12
1271,28
1271,12
1271,10752
10528,28
10528,12
10528,9648
218,28
218,53
218,878
353486,12
353486,35
353486,14
353486,28
280,28
280,53
280,878
769,18
769,80
10191,14
10191,12
10191,16
10191,10751
8966,14
8966,18
8966,10749
1894,12
1894,28
1894,878
425,16
425,35
425,10751
425,12
102382,28
102382,12
102382,878
76600,28
76600,12
76600,878
324552,28
324552,53
324552,80
264660,18
264660,878
57158,14
57158,12
57158,28
274870,18
274870,10749
274870,878
363088,28
363088,12
363088,878
62177,12
62177,16
62177,10751
62177,14
546554,35
546554,80
546554,9648
637,35
637,18
240,18
240,80
165,12
165,35
165,878
489,18
350,18
350,35
185,878
185,80
246655,878
246655,14
246655,28
162,14
162,18
162,10749
87827,12
87827,18
277834,12
277834,35
277834,10751
277834,16
4922,18
4922,14
4922,10749
102651,14
102651,12
102651,28
102651,10751
102651,10749
260513,28
260513,12
260513,16
260513,10751
64690,18
64690,53
64690,80
85,12
85,28
141052,28
141052,12
141052,878
190859,10752
190859,28
530915,10752
530915,18
530915,36
194662,18
194662,35
49538,28
49538,878
49538,12
809,16
809,35
809,10751
809,14
809,10749
103,80
103,18
68726,28
68726,878
68726,12
157350,28
157350,12
157350,878
141,14
141,18
141,9648
6977,80
6977,53
6977,37
131634,28
131634,12
131634,878
296096,18
296096,10749
70981,878
70981,9648
70981,27
19908,35
19908,27
37799,18
72105,35
72105,14
146233,18
146233,53
146233,80
111,28
111,80
111,18
82690,10751
82690,16
82690,35
82690,12
14,18
228150,10752
228150,18
228150,28
745,9648
745,53
745,18
490132,18
490132,35
490132,36
64682,18
64682,10749
399055,18
399055,14
399055,10749
166426,12
166426,28
166426,14
61791,53
61791,28
61791,18
61791,878
138843,27
138843,53
351286,12
351286,878
351286,53
1724,878
1724,28
1724,12
14161,28
14161,12
14161,878
398818,10749
398818,18
9502,28
9502,16
9502,35
9502,10751
2048,28
2048,878
207,18
372058,16
372058,10749
372058,18
62,878
62,9648
62,12
127380,12
127380,16
127380,10751
73,18
82693,18
82693,35
82693,10749
161,53
161,80
11036,10749
11036,18
771,35
771,10751
38757,16
38757,10751
38757,12
194,35
194,10749
23483,28
23483,80
1359,53
1359,18
1359,80
216015,18
216015,10749
216015,53
562,28
562,53
8358,12
8358,18
1858,12
1858,878
1858,28
119450,878
119450,28
119450,18
119450,53
36657,12
36657,28
36657,878
115,35
115,80
332562,10402
332562,18
332562,10749
49530,28
49530,53
49530,878
414906,80
414906,9648
414906,53
8681,28
8681,53
872585,18
872585,36
812,16
812,10751
812,12
812,14
812,10749
604,12
604,28
604,53
604,878
601,12
601,878
601,10751
93456,16
93456,35
93456,10751
93456,878
76203,18
76203,36
18,878
18,28
18,12
458156,28
458156,53
458156,80
242582,80
242582,18
242582,53
953,12
953,16
953,35
953,10751
36557,12
36557,28
36557,53
1949,80
1949,9648
1949,53
291805,80
291805,53
13223,18
578,27
578,53
578,12
75612,28
75612,878
75612,12
75612,9648
196,12
196,35
196,878
411,12
411,10751
411,14
222935,10749
222935,18
310,14
310,35
600,18
600,10752
1417,14
1417,18
1417,10752
51876,53
51876,9648
51876,878
510,18
508442,16
508442,10751
508442,18
508442,10402
508442,14
629,18
629,80
629,53
338952,14
338952,12
12405,18
12405,10749
62211,16
62211,10751
62211,35
62211,14
854,35
854,14
854,80
854,10749
8844,12
8844,14
8844,10751
497698,28
497698,12
497698,878
45243,35
168259,28
168259,80
168259,53
2080,12
2080,28
2080,878
206647,28
206647,12
206647,53
787,28
787,35
787,18
787,53
84892,18
346698,35
346698,12
346698,14
577922,28
577922,53
577922,878
652,10752
652,28
652,36
580489,878
580489,28
580489,12
197,28
197,18
197,36
197,10752
82992,28
82992,53
82992,80
361743,28
361743,18
4935,14
4935,16
4935,12
293167,28
293167,12
293167,14
343668,28
343668,12
343668,35
343668,80
343668,878
453,18
453,10749
89,12
89,28
211672,10751
211672,16
211672,12
211672,35
266856,18
266856,10749
19913,35
19913,18
19913,10749
64688,28
64688,35
64688,80
294254,878
294254,28
294254,53
294254,12
641,80
641,18
539,27
539,53
539,9648
41154,28
41154,35
41154,878
1593,14
1593,10751
1593,35
59967,28
59967,53
59967,878
58574,28
58574,12
58574,9648
359940,80
359940,18
36658,12
36658,28
36658,878
679,28
679,53
679,878
791373,28
791373,12
791373,14
181812,12
181812,28
181812,878
9799,28
9799,80
9799,53
605,12
605,28
605,53
605,878
502356,10751
502356,35
502356,12
502356,14
502356,16
495764,28
495764,80
337339,28
337339,80
337339,53
56292,28
56292,53
56292,12
420818,12
420818,18
420818,10751
420818,16
301528,10751
301528,35
301528,16
301528,12
10020,10749
10020,10751
10020,16
10020,14
608,28
608,35
608,878
772,35
772,10751
772,12
1402,18
399566,28
399566,878
399566,12
420817,12
420817,14
420817,10749
420817,10751
405774,27
405774,53
405774,18
392044,9648
392044,18
392044,80
13475,878
13475,28
13475,12
602,28
602,12
602,878
82702,14
82702,28
82702,12
82702,16
82702,10751
10674,16
10674,10751
10674,12
453395,14
453395,28
453395,12
283366,12
283366,14
566525,28
566525,12
566525,14
515001,35
515001,10752
515001,18
381284,18
381284,36
110415,28
110415,878
110415,18
262500,28
262500,878
262500,53
627,18
627,80
36668,12
36668,28
36668,878
17654,878
454626,28
454626,878
454626,35
454626,10751
70,18
9479,14
9479,16
9479,10751
950,16
950,10751
950,35
950,12
76170,28
76170,878
76170,12
330457,10751
330457,16
330457,12
330457,35
330457,14
8960,14
8960,28
287947,28
287947,35
287947,14
3933,10749
3933,14
3933,16
568124,16
568124,35
568124,10751
568124,14
423,18
423,10752
5915,12
5915,18
2501,28
2501,9648
2501,53
87,12
87,28
564,12
564,28
564,14
399579,28
399579,878
399579,12
176,27
176,9648
176,80
389,18
337404,35
337404,80
337404,18
591,53
591,9648
316029,18
13183,9648
13183,28
13183,878
107,80
107,35
954,12
954,28
954,53
9738,28
9738,14
9738,878
156022,53
156022,28
156022,80
670,53
670,9648
9741,53
9741,18
9741,9648
550988,35
550988,12
550988,878
318846,35
318846,18
124905,28
124905,18
124905,878
810,14
810,12
810,16
810,35
810,10751
620,35
620,14
281338,18
281338,878
281338,10752
9487,12
9487,16
9487,35
9487,10751
18239,12
18239,14
18239,18
18239,10749
177677,28
177677,12
429,37
180,878
180,28
180,53
54138,28
54138,12
54138,878
264644,18
264644,53
474350,27
474350,53
474350,18
744,28
744,18
744,10749
436969,28
436969,35
436969,12
273481,28
273481,80
273481,53
68724,878
68724,28
68724,18
68724,53
10625,18
10625,35
664413,10749
664413,18
664413,80
138832,35
138832,80
126889,27
126889,878
646380,35
646380,878
646380,18
512200,12
512200,35
512200,14
747,27
747,35
300668,878
300668,27
50620,14
50620,18
50620,10749
45269,18
45269,36
50646,35
50646,18
50646,10749
39254,28
39254,878
39254,18
122906,18
122906,10749
122906,14
348350,878
348350,12
348350,28
74,12
74,53
74,878
330,12
330,28
330,878
50619,12
50619,14
50619,10749
106,878
106,28
106,12
106,53
24021,12
24021,14
24021,18
24021,10749
259693,27
8373,878
8373,28
8373,12
47971,28
47971,12
47971,80
76492,16
76492,35
76492,10751
76492,14
524434,878
524434,28
524434,12
45612,53
45612,878
45612,9648
63,878
63,53
63,9648
353081,28
353081,12
28,18
28,10752
275,80
275,18
275,53
14836,16
14836,10751
14836,14
450465,53
450465,18
450465,878
152532,18
152532,36
50014,18
464052,28
464052,12
464052,14
359724,18
359724,36
359724,28
128,12
128,14
128,16
217,12
217,28
254128,28
254128,18
254128,53
391713,18
391713,35
315162,16
315162,12
315162,14
315162,35
315162,10751
87101,878
87101,28
87101,53
114,10749
114,35
68734,18
68734,53
533535,28
533535,35
533535,878
38356,28
38356,878
38356,12
4951,35
4951,10749
4951,18
508943,16
508943,10751
508943,14
508943,18
508943,35
137,10749
137,14
137,35
435,878
435,53
435,12
8355,16
8355,35
8355,10751
8355,12
51497,28
51497,53
51497,80
187,80
187,53
8392,14
8392,16
8392,10751
158015,878
158015,27
158015,53
569094,16
569094,28
569094,12
569094,878
402900,80
402900,35
402900,28
314365,18
314365,36
91314,878
91314,28
91314,12
4348,18
4348,10749
594,35
594,18
38700,53
38700,28
38700,80
333371,53
333371,878
333371,18
333371,27
290250,35
290250,80
290250,28
9552,27
493922,27
493922,9648
493922,53
1366,18
466282,35
466282,10749
616037,14
616037,28
616037,35
22538,28
22538,35
22538,10749
95,28
95,878
95,12
22970,27
22970,9648
22970,35
170,27
170,53
170,878
268,14
268,28
268,80
10764,12
10764,28
10764,53
315837,878
315837,18
315837,28
35,16
35,35
35,10751
187017,80
187017,35
187017,28
2108,35
2108,18
254,12
254,18
254,28
137106,16
137106,10751
137106,12
137106,35
137106,14
49013,16
49013,10751
49013,12
49013,35
328111,16
328111,35
328111,10751
328111,12
339846,35
339846,28
339846,80
278927,12
278927,10751
278927,14
198184,80
198184,28
198184,878
447365,878
447365,12
447365,28
4011,14
4011,35
537915,18
537915,10749
396535,28
396535,27
396535,53
615457,28
615457,53
949,80
949,18
949,28
335797,16
335797,35
335797,10751
335797,10402
336843,878
336843,28
336843,12
336843,53
1979,878
1979,12
1979,28
10144,16
10144,10751
10144,14
2503,28
2503,18
2503,9648
2503,53
4638,80
4638,28
4638,35
50544,10749
50544,35
2105,35
2105,10749
1372,18
1372,53
1372,28
338970,28
338970,12
338970,14
337167,18
337167,10749
27578,53
27578,12
27578,28
116745,12
116745,35
116745,18
116745,14
8871,10751
8871,35
8871,14
1954,878
1954,53
561,14
561,28
561,27
340666,18
340666,53
256591,10749
256591,35
256591,80
406997,10751
406997,18
598,18
598,80
58595,12
58595,14
58595,18
693134,878
693134,12
345940,28
345940,878
345940,27
2502,28
2502,18
2502,53
530385,27
530385,18
530385,9648
584,28
584,80
584,53
8363,35
545611,28
545611,12
545611,878
153,18
153,35
153,10749
57800,16
57800,35
57800,12
57800,10751
404368,28
404368,12
404368,16
404368,35
404368,10751
404368,878
121856,28
121856,12
121856,878
458723,27
458723,9648
458723,53
44115,12
44115,18
44115,53
487558,80
487558,35
487558,18
487558,36
603692,28
603692,53
603692,80
339964,12
339964,878
339964,28
257344,28
257344,35
257344,878
4232,80
4232,27
4232,9648
1091,27
1091,9648
1091,878
214756,35
214756,14
300669,27
300669,53
300669,80
408,14
408,16
408,10751
10192,35
10192,12
10192,14
10192,16
10192,10751
312221,18
20526,12
20526,28
20526,878
49444,16
49444,10751
49444,35
49444,28
11970,16
11970,10751
11970,14
11970,12
11970,35
11970,10749
395992,27
395992,878
395992,9648
163,53
163,80
4247,35
341174,18
341174,10749
7191,28
7191,53
7191,878
9693,878
9693,53
9693,28
331,12
331,53
331,878
773,35
773,18
96721,18
96721,28
619264,18
619264,878
619264,53
65,18
65,10402
13804,28
13804,80
13804,53
32657,12
32657,14
32657,10751
766507,53
766507,28
766507,878
587,12
587,14
587,18
384018,28
384018,12
384018,35
168672,18
168672,80
1824,35
1824,10749
59436,14
59436,35
59436,10749
1734,12
1734,28
1734,14
363676,18
363676,36
385128,28
385128,12
385128,80
223702,12
223702,16
223702,35
223702,14
310131,27
310131,18
310131,9648
310131,14
310131,53
14574,18
14574,10752
14574,36
75780,80
75780,18
75780,53
75780,28
9615,28
9615,80
9615,18
9615,53
44826,12
44826,18
44826,10751
621,10749
621,35
44912,12
44912,28
44912,878
956,12
956,28
956,53
282035,14
282035,53
282035,28
282035,12
282035,27
718930,28
718930,35
718930,53
7326,35
7326,18
7326,10749
324852,28
324852,16
324852,35
324852,10751
324852,12
65754,53
65754,80
65754,9648
8909,28
8909,53
8909,80
955,12
955,28
955,53
62213,35
62213,14
616,18
616,28
616,10752
18240,35
18240,10749
18240,18
9339,35
9339,18
9339,14
427641,28
427641,12
427641,878
142,18
142,10749
49519,16
49519,12
49519,10751
49519,35
505642,28
505642,12
505642,878
398978,80
398978,18
398978,36
376867,18
83542,18
83542,878
109424,28
109424,18
109424,53
7345,18
38055,16
38055,28
38055,35
38055,10751
38055,878
322,53
322,18
322,9648
322,80
1487,14
1487,28
295693,16
295693,35
295693,10751
520763,878
520763,53
520763,27
10527,12
10527,16
10527,35
10527,10751
454983,10749
454983,35
10201,35
10201,10749
492188,18
302946,80
302946,53
302946,18
508,35
508,10749
508,18
150689,10749
150689,14
150689,10751
150689,18
2668,14
2668,53
2668,9648
2668,27
37735,35
2649,18
2649,53
2649,9648
447404,28
447404,12
447404,14
49018,27
49018,53
158852,12
158852,10751
158852,9648
158852,878
37135,16
37135,10751
37135,12
257211,35
13448,53
13448,9648
11688,12
11688,16
11688,35
11688,10751
11688,14
296,28
296,53
296,878
18360,12
18360,14
18360,28
18360,35
18360,10751
527774,16
527774,28
527774,12
527774,14
527774,10751
68735,28
68735,12
68735,14
195589,35
296098,53
296098,18
3131,18
3131,36
3131,80
6957,35
6957,10749
419704,878
419704,18
11321,18
1933,27
1933,9648
1933,53
100,35
100,80
370172,28
370172,53
370172,12
98566,878
98566,28
98566,12
98566,35
46195,16
46195,12
46195,35
46195,10751
567,53
567,9648
567,18
28178,18
28178,10751
76163,28
76163,12
76163,53
9543,12
9543,14
9543,28
439079,27
81188,28
81188,12
81188,16
81188,10751
81188,14
11224,10751
11224,14
11224,16
11224,10749
44896,16
44896,35
44896,10751
44896,37
44896,12
39514,28
39514,12
39514,35
39514,80
39514,53
166428,16
166428,10751
166428,12
380,18
206487,878
206487,53
82675,28
82675,80
82675,53
188927,28
188927,12
188927,878
507086,12
507086,878
507086,53
381283,27
381283,18
364,28
364,14
76757,878
76757,14
76757,28
37686,53
37686,878
37686,9648
320288,878
320288,28
320288,12
11544,16
11544,10751
11544,35
11544,878
60304,14
60304,27
60304,28
345,18
345,53
345,9648
1018,53
1018,18
1018,9648
293863,10749
293863,14
293863,18
534,28
534,878
534,53
436270,28
436270,12
436270,878
117263,28
117263,53
337401,12
337401,14
337401,28
676,10752
676,36
676,18
11631,35
11631,10749
7446,28
7446,35
7446,10752
328387,9648
328387,12
328387,80
927,14
927,27
927,35
1576,27
1576,28
1576,878
9737,28
9737,35
9737,80
9737,53
262504,12
262504,878
262504,28
262504,9648
270303,27
270303,9648
53182,28
53182,18
53182,10752
184,80
184,18
184,53
335787,28
335787,12
335787,9648
782,878
782,18
334543,18
661374,35
661374,80
661374,9648
1368,28
1368,53
1368,18
298,80
298,53
254320,35
254320,18
254320,10749
2059,12
2059,28
2059,9648
5255,12
5255,16
5255,10751
5255,14
57214,35
242,80
242,18
242,53
203801,35
203801,28
203801,12
1637,28
1637,53
460465,28
460465,14
460465,12
114150,35
114150,10402
114150,10749
109414,28
109414,35
1813,27
1813,18
1813,9648
331482,18
331482,10749
82700,878
82700,28
82700,12
22881,18
334533,18
334533,35
51540,35
51540,80
68728,14
68728,12
68728,10751
2454,12
2454,10751
2454,14
43074,28
43074,14
43074,35
36647,27
36647,28
1022789,16
1022789,12
1022789,35
1022789,10751
241259,12
241259,10751
241259,14
8467,35
335988,28
335988,12
335988,878
9532,27
47964,28
47964,53
373571,878
373571,28
509,10749
509,35
38365,35
20504,28
20504,53
20504,878
565,27
565,9648
10555,16
10555,28
10555,35
10555,10751
238636,27
238636,53
18823,12
18823,14
18823,28
7131,27
7131,12
7131,28
80278,18
80278,53
80278,36
1572,28
1572,53
644,18
644,878
644,12
687163,878
687163,12
390043,28
390043,35
390043,80
390043,53
522627,28
522627,35
522627,80
9325,10751
9325,16
9325,12
497582,12
497582,9648
497582,80
424783,28
424783,12
424783,878
12230,12
12230,16
12230,35
12230,10751
207932,9648
207932,53
207932,28
2034,28
2034,80
2034,18
788,35
788,18
788,10751
545609,28
545609,53
341013,28
341013,53
277,14
277,28
277,53
140300,16
140300,28
140300,12
140300,35
140300,10751
86834,18
86834,12
80321,16
80321,10751
80321,35
80321,12
59859,28
59859,12
59859,80
508439,12
508439,16
508439,35
508439,10751
508439,14
12477,16
12477,18
12477,10752
38575,28
38575,12
38575,18
38575,10751
524,80
524,18
440021,35
440021,27
440021,9648
423108,27
423108,9648
423108,53
235,18
235,12
39538,18
39538,53
39538,878
250546,27
624860,878
624860,28
624860,12
1995,12
1995,28
1995,14
755,27
755,28
755,80
88,18
88,10402
88,10749
13053,16
13053,10751
13053,12
13053,35
861,28
861,12
861,878
49017,27
49017,28
49017,14
258489,14
258489,28
258489,12
1250,53
1250,28
1250,14
420809,10751
420809,14
420809,12
47933,28
47933,12
47933,878
22794,16
22794,35
22794,10751
1579,28
1579,18
1579,36
512195,28
512195,35
512195,80
76493,35
200727,10749
200727,18
200727,35
181886,53
181886,9648
87502,18
628,27
628,18
628,14
406990,878
406990,53
406990,9648
406990,28
1573,28
1573,53
762,12
762,35
762,14
260514,16
260514,18
260514,10751
333484,12
333484,28
333484,37
242224,18
242224,27
2300,10751
2300,16
2300,878
2300,14
2300,35
3049,35
3049,80
3049,9648
1597,35
1597,10749
334541,18
166424,28
166424,12
166424,878
855,28
855,10752
855,36
8077,878
8077,28
8077,27
238713,28
238713,35
238713,80
388,80
388,18
388,53
82654,27
82654,35
82654,10749
1571,28
1571,53
593643,35
593643,27
302699,28
302699,35
2675,53
2675,878
2675,27
385687,28
385687,80
385687,53
426,9648
426,10749
426,53
13885,18
13885,27
401981,53
401981,9648
83666,35
83666,18
83666,10749
39513,12
39513,35
39513,878
17431,878
17431,18
445571,9648
445571,35
445571,80
1538,18
1538,80
1538,53
570670,53
570670,878
570670,27
1184918,10751
1184918,16
1184918,878
1184918,12
338967,27
338967,35
1927,878
1927,12
1927,28
80274,878
80274,28
80274,12
12092,16
12092,10751
12092,14
12092,12
8247,28
8247,12
8247,878
1624,35
1624,14
9340,12
9340,35
9340,10751
10895,16
10895,10751
10895,14
8488,35
8488,18
8488,10749
228967,28
228967,35
449176,35
449176,18
449176,10749
31011,878
31011,18
31011,10749
324668,28
324668,12
324668,53
181533,12
181533,35
181533,14
181533,10751
1584,35
1584,10751
1584,10402
10386,16
10386,18
10386,10751
10386,878
10386,28
10386,12
12162,18
12162,53
12162,10752
856,14
856,16
856,35
856,80
948,27
948,53
933260,27
933260,878
933260,53
4553,53
4553,18
117,80
117,36
117,53
389015,18
389015,35
451048,14
451048,35
451048,12
935,35
935,10752
260346,53
260346,28
57201,28
57201,12
57201,37
10315,12
10315,16
10315,35
10315,10751
10198,16
10198,10749
10198,14
10198,10751
49040,28
49040,53
637649,53
637649,80
637649,18
159824,16
159824,35
159824,10751
159824,14
49529,28
49529,12
49529,878
630,12
630,14
630,10751
50546,35
50546,10749
4982,18
4982,80
10530,12
10530,16
10530,10751
10530,10749
15,9648
15,18
289,18
289,10749
82507,27
82507,53
82507,9648
311,18
311,80
274857,28
274857,18
274857,14
251,14
251,10749
251,53
9654,28
9654,80
346685,80
346685,9648
346685,53
299687,878
299687,12
299687,28
105864,12
105864,16
105864,10751
3170,16
3170,18
3170,10751
44833,53
44833,28
44833,12
44833,878
345887,28
345887,53
345887,80
496,35
396422,27
8961,28
8961,80
8961,35
400106,14
400106,28
400106,53
568,18
568,36
400928,18
400928,35
754,28
754,80
754,878
27576,28
27576,9648
27576,53
306819,18
375262,36
375262,35
375262,18
107985,35
107985,28
107985,878
215,27
5876,27
5876,878
5876,53
508947,16
508947,10751
508947,35
508947,14
527641,10749
527641,18
1635,28
1635,53
1635,878
640146,28
640146,12
640146,878
10140,12
10140,10751
10140,14
756999,27
756999,53
75,35
75,14
75,878
675353,28
675353,12
675353,10751
675353,35
64635,28
64635,878
64635,53
97020,28
97020,878
97020,53
2567,18
13811,878
13811,53
4108,28
4108,80
4108,53
41733,35
41733,18
17578,12
17578,16
17578,9648
307081,28
307081,18
60308,18
157353,53
157353,878
157353,18
157353,9648
8321,35
8321,18
8321,80
395834,80
395834,9648
395834,53
480530,18
480530,28
297,14
297,18
297,10749
6114,10749
6114,27
44264,18
44264,12
44264,37
5548,28
5548,53
5548,878
72559,28
72559,878
72559,12
72559,53
377,27
76726,878
76726,18
76726,53
10009,12
10009,16
10009,10751
225574,28
225574,53
225574,9648
879,12
879,14
879,35
879,10751
10693,16
10693,10751
10693,12
10693,14
37710,28
37710,53
37710,10749
9509,28
9509,18
9509,53
2109,28
2109,35
2109,80
290859,878
290859,28
290859,12
290859,53
22803,18
22803,80
22803,53
4523,35
4523,10751
4523,14
4523,10749
23168,80
23168,18
23168,53
559969,80
559969,18
559969,53
369972,36
369972,18
1991,28
1991,53
567609,27
567609,35
21208,27
21208,53
1562,27
1562,53
1562,878
10340,16
10340,10751
10340,10749
10340,12
10340,35
1581,35
1581,10749
11253,14
11253,28
43347,18
43347,35
43347,10749
107846,28
107846,53
414,28
414,80
414,14
9444,16
9444,10751
9444,14
9444,12
8078,878
8078,27
8078,28
503919,18
503919,14
503919,53
2118,80
2118,9648
2118,53
82695,36
82695,18
49049,28
49049,878
6637,28
6637,12
6637,9648
311324,28
311324,12
311324,14
792307,878
792307,10749
792307,35
563,12
563,28
563,53
563,878
10096,35
10096,14
10096,10749
353491,14
353491,28
353491,878
308266,35
308266,80
308266,18
345920,18
345920,10749
399404,18
399404,36
85350,18
634,35
634,10749
634,18
254470,35
254470,10402
2667,27
2667,9648
316727,28
316727,27
316727,53
7485,18
7485,28
7485,53
49849,28
49849,878
49849,53
49849,37
10882,14
10882,16
10882,10749
10882,10751
9480,14
9480,28
9836,16
9836,35
9836,10751
453405,878
453405,28
453405,12
453405,53
453405,18
23827,27
23827,9648
324849,16
324849,28
324849,35
324849,10751
399174,12
399174,35
399174,16
4547,80
4547,18
4547,53
613504,18
613504,10749
16996,35
16996,14
415,28
415,878
415,12
473033,18
473033,53
473033,80
9377,35
7443,16
7443,35
7443,10751
310307,18
310307,36
976573,16
976573,35
976573,10751
976573,10749
524047,53
524047,28
524047,878
1830,80
1830,18
1830,53
479455,35
479455,878
479455,28
479455,12
544,10749
544,35
10545,18
10545,16
10545,10751
268896,28
268896,14
268896,878
268896,12
76285,12
76285,10751
76285,14
10112,16
10112,35
10112,10751
10112,12
343611,28
343611,53
343611,18
343611,80
504172,80
504172,18
504172,53
320,53
320,80
320,18
138103,28
138103,12
138103,53
447200,28
447200,53
447200,12
454,18
454,10749
1491,14
1491,18
1491,53
1491,10749
2770,35
2770,10749
332567,27
332567,18
332567,53
1265,12
1265,18
1265,10751
7551,28
7551,53
7551,878
667538,878
667538,12
667538,28
5559,10751
5559,16
5559,12
5559,35
11774,12
11774,35
11774,10751
11360,16
11360,10751
27022,14
27022,12
27022,28
1700,18
1700,53
4944,35
4944,18
4248,35
9880,35
9880,10751
9880,10749
431,53
431,878
431,9648
36586,14
36586,27
36586,28
36586,53
338762,28
338762,878
338762,12
81005,14
81005,28
81005,12
81005,18
201085,27
201085,9648
201085,10749
201085,18
201085,53
253412,12
253412,18
253412,36
9802,28
9802,12
9802,53
615,18
274855,28
274855,878
274855,53
9740,80
9740,18
9740,53
97367,18
97367,80
428078,12
428078,878
575264,28
575264,12
575264,53
298312,27
298312,53
509967,28
509967,35
509967,53
425909,14
425909,35
425909,12
693,35
693,10749
88751,28
88751,878
88751,12
88751,35
88751,10751
346910,878
346910,28
346910,53
10865,16
10865,10751
10865,12
10865,878
286565,9648
286565,18
286565,10749
2493,12
2493,14
2493,10749
2493,10751
792,18
792,10752
792,28
1061474,878
1061474,12
1061474,28
109428,27
338953,14
338953,12
117251,28
117251,18
117251,53
639933,28
639933,12
639933,14
267860,28
267860,53
583083,35
583083,10749
23629,28
23629,14
23629,53
813,35
298618,28
298618,878
298618,12
476669,28
476669,12
476669,53
500664,28
500664,53
500664,878
941,28
941,53
941,80
522681,27
522681,9648
522681,53
507089,27
507089,53
424139,27
424139,53
7299,28
7299,878
7299,53
2907,35
2907,14
1495,18
1495,28
1495,12
1495,36
1495,10752
9428,35
9428,18
8065,18
8065,80
1878,12
1878,18
1878,35
1427,80
1427,14
1427,18
686,18
686,878
686,9648
290595,28
290595,12
290595,18
59440,18
59440,28
20662,28
20662,12
20662,36
20662,18
411088,18
411088,9648
411088,53
46529,28
46529,53
46529,878
46529,12
34544,28
34544,35
34544,80
337170,35
337170,80
337170,18
433,35
433,10751
433,14
15512,16
15512,10751
15512,12
15512,878
696806,12
696806,878
696806,35
395,12
395,878
395,28
395,27
9426,27
9426,878
786892,28
786892,878
786892,12
504608,10402
504608,18
762504,27
762504,878
762504,53
9659,28
9659,53
9659,878
41630,35
41630,10749
33,37
214,27
214,53
214,80
7980,14
7980,18
9398,35
588,27
588,9648
583,35
38050,878
38050,53
38050,10749
52449,35
9928,16
9928,35
9928,10751
9928,878
8839,14
8839,35
8839,10751
7451,28
7451,12
7451,53
7451,80
7451,18
3021,27
3021,9648
1585,18
1585,10751
1585,14
501170,27
501170,14
335,18
335,37
37834,28
37834,35
14869,12
14869,28
14869,53
14869,878
296524,18
296524,28
9023,16
9023,12
9023,10751
9023,18
9023,37
446354,18
446354,36
631843,53
631843,9648
631843,27
9679,28
9679,80
9679,53
17979,16
17979,18
17979,10751
17979,14
8329,27
8329,9648
97630,53
97630,18
278154,12
278154,16
278154,10751
278154,35
278154,878
9358,27
9358,9648
338766,37
338766,80
338766,18
9366,80
9366,18
9366,53
7518,12
7518,16
7518,35
7518,10751
2978,35
2978,14
536554,878
536554,27
1233413,27
1233413,28
1233413,53
11322,80
11322,36
11322,18
11216,18
11216,10749
376570,27
376570,53
147441,12
147441,18
147441,28
824,18
824,10749
824,10402
152584,10749
152584,18
1374,18
12429,16
12429,14
12429,10751
547016,28
547016,14
526896,28
526896,878
526896,14
2268,12
2268,14
1367,18
2787,53
2787,878
2787,28
103663,18
10830,35
10830,10751
10830,14
1735,12
1735,28
1735,14
149,16
149,878
149,28
5503,28
5503,53
5503,18
492,35
492,18
492,14
134374,35
134374,80
134374,28
9603,35
9603,10749
514999,35
514999,9648
514999,80
369885,28
369885,18
369885,10752
369885,10749
369885,53
1577,27
1577,28
1577,878
438695,16
438695,35
438695,10751
438695,10402
14306,35
14306,10751
9637,9648
9637,12
9637,35
279,18
279,36
279,10402
4233,27
4233,9648
1578,18
1578,36
10947,35
10947,10751
10947,10770
10947,10402
10947,10749
193756,10752
193756,28
193756,18
397243,27
397243,9648
49046,10752
49046,18
9602,35
9602,10749
8916,16
8916,35
8916,10751
493529,12
493529,14
493529,35
1885,28
1885,18
1885,10751
6477,35
6477,10751
6477,14
6477,16
785084,18
1701,28
1701,53
1701,80
9533,80
9533,53
9533,27
823464,28
823464,12
823464,878
391,37
45317,18
9522,35
9522,10749
76,18
76,10749
840,878
840,18
109418,35
4347,18
4347,10749
133805,18
133805,27
1907,18
1907,12
1907,10749
1907,53
581,12
581,18
581,37
136797,28
136797,80
136797,18
136797,53
71552,35
400155,16
400155,35
400155,10751
400155,14
508965,16
508965,10751
508965,35
1903,9648
1903,10749
1903,878
985939,53
10515,12
10515,14
10515,16
10515,28
10515,10751
945961,27
945961,878
55721,35
55721,10749
302401,18
302401,36
302401,80
302401,53
9732,12
9732,16
9732,18
9732,10751
9732,10749
34851,878
34851,28
34851,53
10137,10751
10137,14
10137,35
10137,12
11423,80
11423,18
11423,53
399035,28
399035,53
399035,9648
9800,18
11886,16
11886,10751
11886,12
5175,28
5175,35
5175,80
63311,18
63311,27
63311,9648
63311,53
9016,878
9016,12
9016,16
9016,10751
9016,14
305470,28
305470,12
305470,878
134,12
134,35
134,80
417859,28
417859,12
417859,16
417859,35
417859,10751
227156,18
227156,878
123553,14
123553,28
123553,9648
8699,35
325133,35
639,35
639,10749
639,18
90,35
90,80
90,28
6947,18
6947,9648
6947,53
36955,28
36955,53
7737,27
7737,28
7737,878
381341,18
4133,80
4133,18
16859,16
16859,10751
16859,14
9286,27
9286,9648
12153,35
12153,80
91586,27
91586,53
484247,53
484247,35
484247,9648
1452,878
1452,28
1452,12
9273,80
9273,35
9273,12
27581,35
27581,28
8835,35
291870,35
138697,10749
138697,35
138697,18
10719,35
10719,10751
10719,14
406,18
2698,14
2698,35
2698,10751
635302,16
635302,28
635302,14
558449,28
558449,12
558449,18
339988,18
339988,53
339988,878
525,10402
525,35
525,80
19404,35
19404,18
19404,10749
924,27
924,878
924,28
9495,14
9495,28
9495,53
378064,16
378064,18
378064,10749
764,27
4256,35
9820,35
9820,10751
9820,10749
637920,18
37136,35
37136,80
387426,12
387426,18
387426,878
387426,28
4327,28
4327,35
4327,12
1996,12
1996,28
1996,14
2789,28
2789,878
213,53
213,12
72545,12
72545,28
72545,878
51828,18
51828,10749
136400,28
136400,35
136400,80
1371,18
203833,18
57165,14
57165,12
57165,28
329996,10751
329996,14
329996,12
186,18
186,53
186,80
186,9648
3580,80
3580,18
3580,9648
938,37
270946,10751
270946,16
270946,12
270946,35
9919,35
9919,10749
116741,35
590223,12
590223,35
590223,14
571,27
571,53
164,35
164,10749
164,18
2270,12
2270,14
2270,10749
2270,10751
399057,18
399057,53
399057,9648
9392,12
9392,27
537996,37
537996,35
537996,18
272693,10749
272693,35
869,53
869,878
869,28
869,12
360920,16
360920,35
360920,10751
360920,14
503736,80
503736,28
503736,27
205587,18
132232,27
787699,35
787699,10751
787699,14
87421,878
87421,28
87421,53
188161,35
188161,37
8273,35
8273,10749
8698,14
8698,28
8698,53
8698,878
3981,35
3981,10749
2832,9648
2832,53
402,53
402,9648
356305,35
224141,14
224141,35
227159,35
34584,12
34584,14
34584,10751
929590,10752
929590,28
929590,18
834,14
834,28
834,53
805,18
805,27
805,53
205775,53
205775,18
205775,12
205775,28
205775,36
770,18
770,10752
770,10749
116,18
116,10749
116,53
290098,53
290098,18
290098,10749
2024,18
2024,36
2024,10752
2024,28
321697,18
321697,36
52520,14
52520,28
52520,27
227306,18
227306,10752
710,12
710,28
710,53
205584,28
205584,12
205584,14
6145,53
184315,28
184315,12
866398,28
866398,80
866398,53
36648,28
36648,27
36648,878
9342,28
9342,12
1369,28
1369,12
1369,53
1369,10752
9297,16
9297,35
9297,10751
9297,14
613,18
613,36
613,10752
22954,18
22954,36
71679,28
71679,27
71679,878
146216,28
146216,12
146216,35
146216,80
146216,53
911430,28
911430,18
912649,878
912649,28
912649,12
7340,27
7340,53
9837,12
9837,16
9837,18
9837,10751
653346,878
653346,12
653346,28
4964,35
4964,10749
4964,18
1924,878
1924,28
1924,12
725201,28
725201,53
20766,12
20766,18
1272,878
1272,53
1272,27
9798,28
9798,18
9798,53
276907,80
276907,53
1587,10749
1587,18
49524,14
49524,28
49524,35
86838,35
86838,80
7555,28
7555,53
7555,10752
588228,28
588228,878
588228,12
249164,18
829,80
829,9648
829,53
10330,35
10330,10751
10330,14
2123,35
22971,18
22971,10749
22971,10752
19994,27
19994,35
11778,18
11778,10752
274479,18
10196,28
10196,12
10196,14
7453,12
7453,35
7453,878
515195,35
515195,14
515195,10402
515195,10749
10229,18
10229,10749
116149,35
116149,12
116149,10751
346,28
346,18
489999,18
489999,9648
489999,53
376660,35
376660,18
376659,35
929,878
929,28
929,53
703,35
703,18
703,10749
82682,80
82682,18
82682,28
82682,53
1948,28
1948,53
1948,80
72570,18
72570,10749
8920,35
8920,10751
505026,9648
505026,80
505026,53
1493,35
1493,80
1493,28
522938,28
522938,53
522938,18
228161,14
228161,35
228161,16
228161,878
228161,10751
10189,28
10189,35
10189,80
35791,28
35791,12
35791,27
35791,878
442249,28
442249,27
442249,53
379686,10751
379686,35
379686,12
379686,16
379686,878
335977,12
335977,28
41446,27
41446,9648
4771,80
4771,18
4771,9648
340837,27
340837,9648
340837,878
225886,35
460019,53
460019,27
1817,53
1817,80
277216,18
277216,10402
277216,36
8810,28
8810,53
8810,878
466420,80
466420,36
466420,18
881,18
48138,28
48138,9648
48138,53
189,28
189,80
189,53
3558,18
569547,53
569547,878
569547,9648
9982,16
9982,10751
9982,35
10483,28
10483,53
10483,878
1213,53
1213,80
1213,18
136795,28
136795,35
136795,80
64686,18
64686,28
64686,14
1339713,27
1339713,53
529203,16
529203,10751
529203,12
529203,14
529203,35
2898,18
2898,35
2898,10749
75174,28
75174,12
75174,53
582,18
582,53
345911,27
9739,80
9739,28
9739,878
9313,12
9313,28
9313,18
14756,18
14756,28
14756,36
663,27
663,53
663,80
10501,10751
10501,12
10501,16
10501,35
10501,14
40807,35
40807,18
37094,80
37094,18
37094,53
16871,27
16871,53
882598,27
882598,9648
4148,18
4148,10749
55779,27
55779,9648
9804,12
9804,28
9804,878
8271,53
8271,18
8271,9648
7350,18
7350,35
1010581,18
1010581,10749
1010581,53
351460,80
351460,14
351460,27
11619,12
11619,16
11619,35
11619,10751
426426,18
2253,18
2253,53
2253,10752
301337,18
301337,878
301337,35
9078,16
9078,10751
9078,14
71676,28
71676,14
71676,53
81,12
81,16
81,14
71,18
71,35
71,10402
3082,35
3082,18
3082,10749
4234,27
4234,9648
400535,28
400535,80
400535,53
10661,35
10661,28
1164,18
853,10752
853,36
646,12
646,28
646,53
5176,37
72710,28
72710,12
72710,878
10591,35
10591,10749
2280,14
2280,18
2280,35
522402,878
522402,18
522402,12
72976,36
72976,18
10184,35
10184,10749
10184,18
12163,18
12163,10749
334,18
153518,16
153518,12
153518,35
153518,10751
438148,16
438148,35
438148,878
438148,80
438148,10751
22947,18
22947,10749
5038,18
5038,10749
396371,18
396371,80
752623,28
752623,12
752623,35
122081,18
122081,80
4147,80
4147,18
4147,53
670292,878
670292,28
670292,12
1089,28
1089,53
1089,80
760104,27
1592,80
1592,18
1592,53
41513,16
41513,10751
41513,12
41513,35
41513,14
615656,28
615656,878
615656,27
270487,35
270487,9648
198277,35
198277,10402
198277,10749
198277,18
296099,35
296099,12
83533,878
83533,12
83533,14
658,12
658,28
658,53
4538,12
4538,18
4538,35
871,878
871,12
871,18
871,28
9335,28
9335,53
9335,80
8645,53
8645,878
257445,12
257445,27
257445,35
950396,10749
950396,878
950396,53
9475,18
298250,27
298250,9648
300671,10752
300671,36
300671,18
1690,27
252,10751
252,14
252,35
455207,35
455207,10749
246741,35
246741,27
12437,14
12437,28
12437,53
1054867,53
1054867,80
1054867,35
321258,27
321258,9648
321258,53
258480,10749
258480,18
1955,18
1955,36
2277,18
2277,10749
2277,878
1586,9648
1586,53
301365,27
301365,53
7445,18
7445,53
7445,10752
481848,12
481848,10751
481848,18
346672,14
346672,28
346672,53
346672,878
346672,27
343674,27
343674,53
343674,18
59961,28
59961,53
19912,27
19912,9648
9323,28
9323,16
9323,878
819,80
819,18
819,53
44048,28
44048,53
1598,18
1598,80
1598,53
646385,27
646385,9648
94329,28
94329,53
94329,80
419479,35
419479,27
12244,28
12244,12
12244,16
12244,878
12244,53
614934,10402
614934,36
614934,18
884605,35
884605,10749
36669,12
36669,28
36669,53
1640,18
9762,10402
9762,18
9762,10749
9762,80
576845,27
576845,9648
576845,18
576845,53
239,35
239,10749
239,80
11665,28
11665,35
11665,53
73723,16
73723,10751
9481,80
9481,53
9481,18
9481,9648
1541,18
1541,80
1541,12
16320,878
16320,28
16320,12
16320,53
423204,28
423204,53
82520,18
448119,10751
448119,35
448119,14
448119,12
617653,18
617653,36
617653,53
446021,53
446021,9648
446021,80
446021,18
664,28
664,12
664,18
256274,27
256274,53
746036,28
746036,35
746036,10749
8965,14
8965,16
8965,878
8965,10751
8965,28
1992,27
1992,28
1992,53
204082,28
204082,53
169,878
169,28
169,53
13649,35
13649,10751
13649,10770
9472,35
2164,28
2164,12
2164,878
399170,35
399170,80
399170,28
399170,18
3176,18
3176,53
3176,28
274854,28
274854,12
274854,14
30497,27
521029,27
793,9648
793,53
793,80
793,27
718789,16
718789,878
718789,10751
718789,12
97370,53
97370,878
97370,18
313297,16
313297,12
313297,10751
62215,18
62215,878
9486,12
9486,28
9486,35
1008042,27
136799,12
136799,16
136799,35
136799,10751
136799,14
11917,27
11917,53
11917,80
1246,18
347031,35
347031,18
347031,10749
347031,14
347031,12
816,35
816,80
241,80
241,53
241,18
152760,10752
152760,18
152760,36
80,18
80,10749
232672,35
232672,10749
713704,27
713704,53
77877,18
77877,10749
936075,10402
936075,18
308531,28
308531,12
308531,35
308531,10751
308531,878
615777,18
615777,35
580175,35
580175,18
426063,27
426063,14
400617,18
400617,10749
10200,18
10200,878
10200,53
926393,28
926393,53
926393,80
172385,16
172385,12
172385,35
172385,10751
20943,35
20943,10749
2899,10751
2899,14
2899,35
2899,12
265195,18
265195,53
265195,35
59,18
59,53
59,80
942,28
942,53
942,80
371638,35
371638,18
9390,35
9390,18
9390,10749
44943,878
44943,28
587792,35
587792,10749
587792,878
5174,28
5174,35
5174,80
986056,28
986056,878
986056,12
866,18
866,14
2288,18
2288,10749
2252,53
2252,80
2252,9648
582014,53
582014,80
582014,18
68,35
68,878
193610,35
193610,10749
23169,18
23169,10749
11621,16
11621,12
11621,14
417678,18
417678,10749
340102,878
340102,27
10054,10751
10054,28
10054,35
10054,12
10054,878
456740,14
456740,27
456740,28
456740,12
914,35
914,10752
696506,878
696506,35
696506,12
9870,35
9870,10749
9870,18
514847,28
514847,53
514847,27
9291,18
9291,35
9291,80
77950,16
77950,10751
37247,18
37247,10749
37247,35
57212,10752
57212,36
57212,18
817,35
817,12
817,80
13387,28
13387,53
13387,80
50456,28
50456,53
50456,12
278924,28
278924,80
278924,53
278924,12
65086,18
65086,27
65086,53
1621,35
594767,35
594767,28
594767,14
499932,80
499932,18
499932,53
258216,18
1620,28
1620,53
1620,18
406759,878
406759,12
406759,28
600354,18
1078605,27
1078605,9648
212778,35
50348,80
50348,18
50348,53
512196,35
512196,27
512196,878
77016,80
77016,18
77016,53
462,18
9489,35
9489,10749
7512,35
7512,878
7512,12
11674,10751
11674,35
160588,18
1669,28
1669,53
4257,35
937278,35
937278,18
267935,12
267935,10751
267935,14
15121,18
15121,10751
15121,10402
15121,10749
280092,27
280092,53
1062722,18
1062722,14
1062722,27
27582,28
27582,53
27582,80
62214,16
62214,35
62214,10751
314,28
314,14
314,80
7735,18
7735,53
6795,878
6795,12
6795,10751
1443,18
1443,10749
59962,28
59962,35
59962,10749
429197,18
429197,35
8367,28
8367,12
8367,18
87093,18
8487,28
8487,12
8487,35
8487,878
8487,37
796,18
796,10749
146,12
146,18
146,28
146,10749
9362,35
9362,27
9362,878
58233,80
58233,28
58233,35
261023,18
261023,80
261023,36
11887,35
11887,18
11887,10751
4995,18
4995,35
384521,27
384521,9648
384521,878
1011985,28
1011985,12
1011985,16
1011985,35
1011985,10751
1011985,14
458576,28
458576,14
458576,12
617126,878
617126,12
617126,28
504949,18
504949,36
504949,10752
401104,18
449563,35
449563,14
449563,10749
23631,28
23631,35
23631,53
458423,35
458423,10749
295964,18
258230,14
258230,12
258230,10751
9032,35
9032,18
1234821,878
1234821,12
1234821,28
12222,16
12222,35
12222,10751
12222,12
12222,14
72331,28
72331,14
72331,27
766,14
766,27
766,35
572802,28
572802,12
572802,14
8619,12
8619,18
8619,10752
695721,878
695721,28
399361,28
399361,53
399361,80
399361,12
765,27
765,35
765,14
1103,28
1103,53
1103,878
3594,53
3594,9648
3594,80
3594,18
46705,18
46705,10749
457799,18
457799,80
419478,10749
419478,18
277685,27
277685,9648
74643,18
74643,35
74643,10749
397837,18
397837,14
22804,27
22804,53
381289,12
381289,14
381289,10751
381289,18
1966,10752
1966,36
1966,28
1966,12
1966,18
1966,10749
872,35
872,10749
906126,18
906126,36
10948,12
10948,16
10948,18
10948,10751
8337,878
8337,28
8337,53
392,35
392,18
392,10749
443791,27
443791,878
443791,28
443791,12
328425,53
328425,9648
328425,18
109431,35
109431,80
899082,99
262391,35
263472,27
263472,53
263472,80
173897,28
173897,27
173897,878
1370,28
1370,12
1370,53
1370,10752
531309,27
531309,878
531309,18
140823,35
140823,18
140823,36
109451,16
109451,10751
109451,35
40805,28
40805,80
40805,35
6075,80
6075,18
6075,53
6023,18
6023,10749
2756,12
2756,53
2756,878
609681,878
609681,12
609681,28
220289,53
220289,878
433808,27
433808,9648
1375,18
974576,18
974576,53
9506,35
947,12
947,36
947,10752
244267,878
244267,18
714,12
714,28
714,53
19959,878
19959,28
19959,53
400650,14
400650,10751
400650,35
2486,14
2486,28
2486,12
2486,10751
980489,12
980489,18
980489,28
9361,36
9361,10752
9361,18
2005,10402
2005,35
455980,35
455980,28
818,35
818,80
957,35
957,878
39451,35
39451,10749
10312,35
10312,18
644495,18
644495,80
644495,36
353616,10402
353616,35
274167,35
841,28
841,878
841,12
462919,35
462919,18
462919,10749
15969,10751
15969,12
15969,16
15969,10749
157433,27
6557,35
6557,10749
762441,27
762441,878
762441,53
449443,80
449443,53
449443,28
100042,35
12133,35
76025,18
1542,35
18487,80
18487,53
18487,28
470,18
470,80
470,53
3034,35
674324,18
674324,35
393519,27
393519,18
9476,12
9476,18
9476,10749
9476,28
11130,35
11130,18
11130,10751
11130,10749
8055,18
8055,10749
968,80
968,18
968,53
501929,16
501929,12
501929,35
597208,80
597208,18
597208,53
511987,27
511987,53
76649,28
76649,12
76649,36
76649,10749
76649,18
6978,28
6978,12
6978,35
6978,14
1904,18
1904,10749
1904,36
149870,16
149870,18
149870,36
149870,10749
1242898,28
1242898,878
1242898,12
581734,18
9334,28
9334,12
9334,14
657,28
657,53
657,12
285783,36
285783,18
285783,12
10585,27
9792,27
9792,53
11247,35
11247,10751
11247,10749
573435,28
573435,35
573435,80
555604,16
555604,14
555604,12
555604,18
35690,18
35690,10751
35690,10749
10066,27
10066,53
10066,9648
9614,35
556984,18
556984,36
4488,27
622,9648
622,53
622,27
490,14
490,18
180863,18
180863,35
180863,80
609,27
915935,53
915935,9648
915935,80
8656,28
8656,18
8656,878
8413,27
8413,878
8413,9648
12113,28
12113,18
12113,53
9354,12
9354,35
9354,10751
9354,878
440,28
440,878
440,53
440,27
516486,10752
516486,28
516486,18
82633,80
82633,18
82633,37
46738,18
46738,10752
46738,9648
939243,28
939243,878
939243,35
939243,10751
913290,27
913290,9648
913290,53
259694,35
259694,10749
412117,16
412117,35
412117,10751
412117,12
9772,28
9772,53
8967,18
8967,14
979,18
979,53
979,80
43949,10749
43949,18
818647,10749
818647,18
818647,35
635744,10752
447277,12
447277,10751
447277,14
447277,10749
13809,28
13809,80
13809,53
8741,18
8741,36
8741,10752
68722,18
68730,18
68730,36
378236,16
378236,10751
378236,35
228205,18
228205,10749
109421,53
109421,80
109421,18
2758,35
2758,10751
2758,14
8922,27
192,18
192,53
192,9648
9029,35
9029,10749
756,16
756,10751
756,14
41439,27
41439,80
7214,18
7214,36
1226863,10751
1226863,35
1226863,12
1226863,14
1226863,16
543540,10749
543540,35
10439,14
10439,35
10439,10751
179144,18
9655,35
9655,10749
49730,53
49730,18
49730,14
49730,9648
49730,27
49730,10749
1738,28
1738,878
1738,53
9471,28
9471,12
9471,35
238615,878
238615,28
238615,53
3597,27
3597,53
3597,9648
726209,18
726209,9648
726209,53
249070,28
249070,80
249070,53
3050,35
3050,10751
3050,14
9714,35
9714,10751
975,10752
975,18
36643,12
36643,28
36643,53
13310,27
13310,18
843,18
843,10749
119283,28
119283,80
9355,28
9355,12
9355,878
1064213,18
1064213,35
1064213,10749
38408,35
38408,10749
38408,18
943,28
943,53
943,80
62764,12
62764,35
62764,10751
62764,14
284293,18
519182,16
519182,35
519182,28
519182,878
519182,10751
10022,35
10022,10751
10022,28
619,28
619,18
619,10749
415842,28
415842,12
415842,53
167073,10749
167073,18
167073,36
60935,27
60935,878
60935,9648
940721,878
940721,27
940721,28
10494,16
10494,53
934433,27
934433,53
934433,80
491418,35
491418,18
2666,9648
2666,878
882569,10752
882569,28
882569,53
15472,18
15472,53
15472,80
15472,9648
9470,28
9470,35
9470,80
9470,14
61979,10749
61979,18
11836,12
11836,16
11836,35
11836,10751
11836,14
11283,14
11283,35
11283,10751
1970,27
1970,9648
1970,53
1934,10749
1934,36
1934,35
1934,18
525661,18
157547,27
46838,35
46838,27
822119,28
822119,53
822119,878
249397,18
249397,9648
3175,18
3175,10752
3175,36
429351,10752
429351,18
429351,28
429351,36
51739,14
51739,16
51739,10751
758323,27
758323,53
10734,18
10734,53
59108,28
59108,35
7840,12
7840,28
7840,18
7840,14
11906,27
205,18
205,36
205,10752
25,18
25,10752
917496,35
917496,14
917496,27
503314,28
503314,878
503314,16
421,12
421,35
421,18
10521,35
10521,10749
7220,28
7220,80
7220,18
9889,35
9889,18
9889,14
9889,10749
15092,28
15092,53
15092,80
58224,35
58224,10751
665,36
665,18
665,12
10999,28
10999,12
10999,53
1084242,16
1084242,12
1084242,35
1084242,9648
1084242,10751
32856,35
32856,10749
1241982,12
1241982,16
1241982,35
1241982,10751
1241982,14
406563,27
406563,53
1267,16
1267,35
1267,10751
1267,878
1267,12
567748,18
567748,53
8068,53
8068,28
8068,80
1255,27
1255,18
1255,878
565770,28
565770,878
565770,12
375588,12
375588,28
375588,53
375588,14
458897,28
458897,12
458897,35
438799,27
438799,10752
438799,878
72113,35
72113,18
551332,18
551332,36
11430,12
11430,16
11430,35
11430,10751
36685,35
36685,878
36685,27
753342,36
753342,10752
753342,18
69,18
69,10402
69,10749
429200,80
429200,53
429200,18
303858,53
303858,18
13027,9648
13027,53
13027,28
1268,10751
1268,35
950387,10751
950387,14
950387,35
950387,12
9598,14
9598,18
9598,35
9598,10751
6537,27
6537,18
6537,53
96936,18
96936,80
9327,35
9327,878
9327,10749
786,18
786,10402
23398,35
23398,10751
23398,16
23398,14
23398,10402
1381,18
1381,12
1381,878
1381,10749
978,12
978,18
978,36
1072790,10749
1072790,35
631842,27
631842,9648
631842,53
44040,27
44040,9648
44040,53
19,18
19,878
71859,18
71859,53
43539,10749
43539,18
43539,53
43539,80
112205,80
112205,35
112205,28
402431,18
402431,10749
402431,14
394117,18
137094,28
137094,18
137094,53
359410,28
359410,53
359410,18
533,12
533,16
533,35
533,10751
1656,28
1656,12
1656,37
364689,16
364689,10751
364689,12
364689,35
1278,18
1278,10749
314095,12
314095,18
314095,36
4513,27
4513,53
319,28
319,80
319,10749
605116,28
605116,80
605116,878
77930,18
77930,35
540901,18
540901,35
540901,80
2310,12
2310,28
2310,16
152742,18
152742,10749
152742,80
4258,35
65057,35
65057,18
398173,18
398173,27
398173,80
398173,53
95610,18
95610,35
95610,10749
158011,80
158011,53
103731,18
35056,35
35056,28
35056,12
8643,80
8643,18
8643,27
8643,53
845781,28
845781,12
845781,35
845781,14
829280,12
829280,9648
829280,80
49797,53
49797,27
26388,53
27573,28
27573,35
27573,10749
398181,80
398181,18
398181,53
718821,28
718821,53
9992,12
9992,14
9992,16
9992,10751
9539,27
9539,18
9539,53
353070,80
353070,35
382591,18
382591,35
26466,27
9902,27
9902,53
585083,16
585083,35
585083,10751
585083,12
585083,14
5236,35
5236,80
5236,9648
5236,53
5966,35
5966,10749
132363,18
803796,14
803796,10402
803796,35
803796,16
169917,80
169917,18
169917,9648
169917,53
610150,16
610150,878
610150,28
157386,35
157386,18
157386,10749
9801,35
9801,10749
9593,14
9593,28
9593,35
768,27
768,9648
768,53
801,35
801,18
801,10752
1580,53
1580,80
1580,18
342470,10749
342470,18
484641,28
484641,12
484641,53
59965,53
59965,28
59965,9648
7484,16
7484,10751
7484,12
7484,35
612,18
612,36
612,53
9336,35
9336,80
37056,35
37056,18
37056,10749
542178,18
542178,35
9277,35
9277,80
9277,18
9352,35
1645,80
1645,18
1645,53
712,35
712,18
712,10749
76640,28
76640,80
76640,53
2044,10749
2044,18
2044,14
601666,80
601666,53
601666,18
601666,35
930564,18
930564,35
930564,53
420634,27
9315,53
9315,18
9315,9648
431693,16
431693,28
431693,12
431693,35
431693,10751
9374,35
9374,14
9374,27
944,28
944,80
944,53
400160,12
400160,16
400160,35
400160,10751
400160,14
49520,35
531219,35
531219,14
531219,10751
531219,27
10202,14
10202,35
10202,10751
10202,10749
1087192,14
1087192,10751
1087192,28
1087192,12
241554,28
241554,80
241554,53
193893,35
9705,28
9705,80
9705,53
619730,9648
619730,53
619730,878
4442,12
4442,14
4442,28
4442,35
4442,53
309809,12
309809,16
309809,14
309809,10751
10637,18
575265,28
575265,53
575265,12
574475,27
574475,9648
9473,16
9473,35
9279,10751
9279,12
9279,35
600583,18
600583,37
261392,28
261392,35
889737,18
889737,80
889737,53
638,18
638,53
638,9648
210479,18
210479,53
697843,28
697843,53
697843,80
313922,27
313922,80
313922,53
1887,18
1887,36
531428,18
531428,10749
379149,28
379149,53
379149,80
11007,35
11007,10751
11007,18
116711,16
116711,12
116711,10751
116711,14
599,18
228326,16
228326,10751
228326,14
9373,27
13363,878
13363,18
74465,18
74465,35
74465,10751
55,18
55,53
49517,18
49517,53
49517,9648
8009,12
8009,28
8009,14
86829,18
86829,10402
9477,12
9477,10752
9477,36
9477,28
9477,18
823219,12
823219,16
823219,10751
823219,14
109491,14
109491,18
109491,10749
445651,28
445651,12
445651,18
568091,53
568091,18
928,35
928,27
928,14
23437,27
23437,9648
23437,53
610253,27
452507,27
452507,80
452507,18
420814,12
420814,35
420814,10751
420814,14
11024,9648
11024,12
11024,35
1574,35
1574,80
1574,18
257091,35
1607,18
1607,80
1032823,80
1032823,27
1032823,53
497828,35
497828,18
4977,16
4977,878
4977,53
546121,53
546121,27
546121,18
9003,27
9003,53
459992,35
459992,10749
677179,18
677179,28
8054,12
8054,14
8054,9648
22894,28
22894,14
22894,27
8874,35
8874,10749
8204,10751
8204,12
8204,14
8204,18
62835,28
62835,53
62835,80
62835,18
740985,35
945729,9648
945729,53
945729,80
762975,10749
762975,18
11005,18
1832,14
1832,35
1832,12
306947,53
306947,27
451915,18
25376,9648
25376,53
25376,18
595,18
13207,27
13207,53
4476,18
4476,37
4476,10749
4476,10752
865,28
865,53
865,878
700391,28
700391,12
700391,878
417384,27
417384,9648
227719,878
227719,53
840326,28
840326,10752
840326,53
521,53
521,80
521,18
800158,80
800158,53
614917,18
614917,36
535581,35
535581,18
535581,27
5925,12
5925,18
5925,10752
502033,18
502033,10402
388399,28
388399,80
388399,18
388399,36
388399,53
38117,10749
38117,14
38117,18
505600,35
403119,27
403119,53
505948,878
505948,53
17609,18
17609,27
17609,53
6466,27
5,35
705861,18
705861,35
266647,14
266647,12
266647,10751
266647,28
265177,18
9767,10749
9767,35
602269,18
602269,80
602269,53
482373,53
482373,27
96,28
96,35
96,80
9383,28
9383,878
9383,53
763215,14
763215,28
763215,12
109443,35
9360,12
9360,27
9360,53
5123,10751
5123,18
5123,10402
37958,14
37958,28
37958,18
9387,12
9387,14
9387,28
951,35
346648,12
346648,35
346648,10751
395990,28
395990,80
395990,53
395990,18
49527,28
49527,53
49527,80
1005331,53
1005331,28
339397,35
339397,18
339397,10749
541671,28
541671,53
541671,80
393457,18
438650,80
438650,28
438650,18
384677,10749
384677,35
804095,18
77174,10751
77174,16
77174,12
77174,35
52451,12
52451,28
52451,53
37137,35
37137,80
4512,18
4512,37
2757,35
2757,80
2757,18
8584,12
8584,35
8584,37
2652,18
2652,53
2292,35
463272,28
463272,12
463272,35
167,878
167,18
167,9648
97,878
97,28
97,12
8051,10749
8051,18
8051,35
242512,27
13597,12
13597,10751
13597,14
678512,28
678512,18
399360,12
399360,18
9408,16
9408,35
9408,10751
361292,27
361292,9648
361292,18
10601,12
10601,14
10601,10751
1368166,9648
1368166,53
23048,878
23048,35
23048,12
984,28
984,80
984,53
12144,10751
12144,16
12144,12
12144,18
9482,878
9482,28
539885,28
539885,53
539885,80
210860,35
210860,12
985,27
985,878
308369,18
308369,35
10331,27
10331,53
10331,878
20048,35
20048,10749
10567,12
10567,16
10567,18
10567,10751
20453,18
20453,35
1226578,80
1226578,27
1226578,9648
1138194,53
1138194,27
192141,53
192141,28
567189,28
567189,53
567189,10752
11545,35
11545,18
2330,28
2330,35
2330,80
2330,12
419680,35
522162,10752
522162,36
522162,18
7347,18
7347,28
7347,80
292011,18
292011,36
292011,80
744275,18
744275,10749
14560,28
14560,12
14560,35
14560,10751
937287,18
937287,10749
10204,28
10204,12
10204,35
10867,18
1100988,27
1100988,53
1100988,878
80271,18
80271,35
80271,10749
9257,28
9257,53
9257,80
814,35
814,27
814,14
225565,35
225565,10749
171274,18
171274,9648
171274,35
132344,10749
132344,18
10316,18
5825,35
460458,28
460458,27
460458,878
8374,28
8374,53
8374,80
321741,18
271718,35
271718,10749
24420,18
24420,10749
24420,14
18533,18
18533,28
18533,80
762509,12
762509,10751
762509,16
553,80
553,18
553,53
449562,35
449562,80
72387,28
72387,80
72387,53
239571,18
239571,10749
8195,28
8195,53
8195,80
9894,35
9894,18
9894,53
83899,27
83899,53
83899,9648
429300,53
429300,10749
429300,12
10358,35
10358,10749
565426,10749
565426,35
7552,35
7552,80
508883,16
508883,14
508883,18
9645,27
9645,9648
9645,53
718032,18
718032,35
718032,10749
476299,27
284,35
284,18
284,10749
325348,28
325348,12
325348,878
19898,28
19898,27
19898,9648
19898,878
19898,53
10665,27
602223,28
602223,27
602223,53
459151,16
459151,35
459151,12
459151,10751
812583,53
812583,9648
812583,35
9947,28
9947,14
9947,12
591273,27
591273,9648
591273,18
11319,14
11319,10751
11319,16
11319,12
646389,28
646389,12
646389,53
480414,27
5156,18
403587,27
403587,14
403587,10749
8914,28
8914,27
8914,878
228970,18
292431,18
292431,10749
619778,27
619778,9648
23047,12
23047,14
23047,28
9350,28
9350,12
9350,53
660,12
660,28
660,53
68737,12
68737,14
467244,18
467244,36
467244,10752
18501,28
18501,53
18501,878
41436,27
41436,9648
949423,27
9567,10752
9567,28
9567,18
416477,35
416477,18
416477,10749
9757,35
8848,53
8848,80
8848,18
568160,16
568160,18
568160,14
568160,10749
8470,18
8470,53
8470,80
38167,18
38167,10749
418078,18
418078,27
418078,9648
338,35
338,18
539537,12
539537,14
539537,27
539537,9648
335796,27
549053,35
549053,18
549053,10749
8390,35
8390,10749
458305,878
458305,9648
458305,27
888,14
888,35
888,10751
776503,18
776503,10402
776503,10749
2976,35
2976,10749
2976,18
696,35
696,18
696,10749
522931,28
522931,35
522931,80
522931,53
55787,18
55787,10749
316023,35
412656,14
412656,878
412656,12
180299,28
180299,80
180299,53
634492,28
634492,14
58244,10749
58244,878
58244,18
58244,14
38810,18
14564,27
848326,878
848326,28
848326,12
1281,10751
1281,12
1281,35
5528,18
5528,35
5528,10402
629542,28
629542,16
629542,35
629542,80
629542,10751
339877,16
339877,18
339877,36
115782,18
115782,36
407436,12
407436,18
43947,53
43947,80
43947,27
858,35
858,18
858,10749
581392,27
581392,28
581392,53
581392,12
9312,28
9312,14
77987,18
77987,53
77987,80
104,28
104,18
104,53
262,18
262,35
2133,18
2133,12
2133,28
88794,18
88794,80
88794,36
457335,28
457335,35
457335,53
11770,28
11770,35
1429,80
1429,18
9007,35
9007,10749
9007,14
8923,80
8923,18
2135,878
2135,12
2135,28
2082,27
587807,35
587807,10751
587807,16
8265,35
8265,18
8265,10749
9574,35
9574,10751
9574,878
364433,878
364433,28
364433,18
899112,28
899112,35
899112,14
38745,10751
38745,35
38745,12
38745,14
1262,18
1262,35
1262,10749
1262,14
504,80
504,18
926,35
926,878
926,12
38321,28
38321,14
38321,27
840430,18
840430,35
294963,18
294963,27
294963,37
11460,53
11460,9648
82703,16
82703,878
82703,35
82703,12
82703,10751
4970,27
4970,9648
4970,53
365942,10749
365942,878
365942,18
228165,12
228165,16
228165,35
228165,10751
228165,14
36593,35
36593,80
552178,18
552178,53
3563,35
3563,10749
12159,18
12159,14
12159,10749
10996,10751
10996,12
10996,35
387,18
387,36
387,10752
2022,35
2022,10749
747188,35
747188,18
9493,35
8536,878
8536,28
8536,12
290512,18
290512,12
290512,10749
422,18
625568,28
625568,53
625568,80
303991,35
303991,18
9384,35
9384,80
548,80
548,18
548,9648
267193,28
267193,35
522,35
522,18
522,36
79,18
79,12
79,28
79,36
277217,10751
277217,12
277217,14
277217,10770
1106739,18
1106739,53
332210,12
332210,16
332210,35
332210,10751
11978,18
648579,28
648579,35
648579,80
384680,18
384680,37
384680,36
384680,12
1398,878
1398,18
581600,35
581600,28
581600,53
9397,35
9397,878
9397,28
12242,16
12242,35
12242,10751
12242,28
10950,18
663712,27
87818,35
473,9648
473,18
473,53
483906,28
483906,80
483906,18
428449,18
428449,14
428449,10749
6950,28
6950,18
6950,878
6950,53
783,18
783,36
968051,27
37472,28
37472,36
37472,18
8856,12
8856,18
8856,28
8856,10749
8856,10751
667,28
667,53
667,12
41216,16
41216,12
41216,10751
41216,14
522212,18
522212,80
522212,36
8456,18
8456,28
837,27
837,878
837,9648
481084,10751
481084,16
481084,35
481084,14
134411,28
134411,18
134411,53
110420,16
110420,10751
110420,18
110420,14
8872,35
8872,10402
401469,18
401469,80
401469,53
87492,18
87492,53
42188,18
42188,10749
42188,878
642,37
763285,53
763285,28
763285,18
763285,80
11969,37
11969,28
80035,35
80035,28
80035,878
9600,80
9600,35
832,18
832,53
832,80
11459,12
11459,35
11459,10751
12102,18
6278,12
6278,28
6278,14
304410,35
304410,10402
304410,18
10320,18
10320,27
10320,53
901,35
901,18
901,10749
9595,28
9595,35
9595,10752
9494,35
9494,10749
8814,28
8814,27
8814,878
282984,18
282984,35
15370,12
15370,14
15370,16
15370,18
15370,10751
8202,878
8202,28
8202,53
11199,28
11199,12
11199,35
653,27
653,14
804150,53
804150,35
804150,80
43923,35
43923,18
43923,10749
1083381,27
1083381,9648
1083381,878
11439,53
11439,9648
6038,12
6038,35
6038,37
347375,28
347375,53
37707,27
37707,878
369557,10749
369557,18
369557,10402
369557,35
14337,878
14337,18
14337,53
14001,27
696374,10749
696374,18
301351,18
301351,10402
301351,10749
301351,35
13455,878
13455,28
13455,12
13455,53
257088,28
257088,12
257088,80
257088,53
10376,18
10376,10402
149509,18
149509,14
149509,53
280217,28
280217,12
280217,16
280217,35
280217,10751
6972,12
6972,10749
6972,18
623,35
623,80
1084199,27
1084199,878
1084199,53
502416,27
502416,53
154400,18
154400,80
12556,10749
12556,35
12556,14
10139,36
10139,18
1900,53
1900,18
1900,80
820,18
820,53
820,36
11451,35
11451,10751
11451,12
11451,14
11451,10749
11011,35
11011,10751
921,10749
921,18
921,36
1646,80
1646,18
86825,18
86825,27
86825,53
376866,18
399402,28
399402,53
168530,28
168530,35
63492,35
63492,10749
8292,28
8292,80
64689,80
64689,53
794,27
794,53
112949,10749
112949,53
9388,35
9388,18
8328,10402
8328,18
8328,10749
797,18
446791,80
446791,36
446791,53
446791,18
1248,80
1248,53
1248,27
245,18
245,35
245,10749
37169,27
10313,35
10313,10752
523139,27
1428,28
1428,80
1428,53
1428,37
1304313,27
43593,35
43593,27
9631,28
9631,80
9631,18
9631,53
951491,27
951491,9648
96724,18
96724,10749
96724,36
10147,18
10147,35
10147,80
152603,18
152603,10749
152603,14
409,18
409,10749
409,10752
287903,27
287903,35
287903,14
8913,27
967,36
967,18
967,12
539972,28
539972,12
539972,53
774752,35
774752,878
774752,12
484718,35
11474,28
11474,53
243688,27
28355,27
28355,9648
28355,53
9378,27
9378,53
22972,10752
22972,28
22972,12
22972,18
22972,53
4836,18
4836,53
4836,80
12573,35
12573,18
10098,35
10098,18
527435,35
527435,12
527435,10751
527435,14
339527,53
339527,80
339527,9648
329833,28
329833,12
329833,35
16690,12
16690,14
16690,16
16690,10751
681,28
681,53
317442,28
317442,10749
317442,16
72571,27
72571,9648
400710,18
400710,27
400710,53
1523,18
826,18
826,36
826,10752
372343,80
372343,53
372343,9648
372343,27
724495,28
724495,18
724495,36
724495,10752
12279,10751
12279,28
12279,35
12279,12
12279,878
1535,28
1535,80
1535,53
688,18
688,10749
475303,35
475303,10749
795,18
795,14
795,10749
10065,27
42297,18
42297,10749
77931,14
77931,10751
77931,35
77931,16
454992,35
454992,28
454992,12
16614,35
16614,18
16614,10749
666277,18
666277,10749
615665,35
615665,10749
26389,28
26389,80
26389,53
68727,53
68727,80
68727,9648
964980,18
964980,36
55301,35
55301,14
55301,10751
55301,10402
55301,16
34016,10749
34016,35
433310,35
433310,10749
433310,14
9488,10751
9488,28
9488,12
9488,35
9488,878
378,35
378,80
89492,35
11551,35
11551,12
11551,14
11551,878
11551,28
503,12
503,28
503,18
503,53
379170,80
379170,18
379170,9648
379170,53
379170,10770
23082,35
23082,14
23082,10749
9513,35
9513,10751
9513,12
49021,28
49021,12
49021,53
507076,18
507076,27
507076,10402
147,18
682507,18
682507,9648
682507,10749
49526,80
49526,28
49526,53
294272,12
294272,10751
294272,14
192102,28
192102,18
192102,53
37233,18
37233,9648
37233,53
318121,35
318121,18
1547,27
1547,35
1547,53
371645,12
371645,35
371645,18
273895,36
273895,18
59860,12
59860,35
59860,10749
6415,28
6415,35
6415,10752
8005,35
599975,27
599975,53
923,27
923,878
58431,10749
58431,27
58431,35
58431,53
11397,35
37821,28
37821,35
37821,53
37821,10749
9913,18
9913,27
9913,9648
9913,53
4032,35
4032,18
11395,14
11395,18
11395,35
11395,10751
1251,28
1251,18
1251,10752
606856,12
606856,10751
537116,18
537116,10402
505192,18
505192,80
505192,53
283445,27
29917,53
29917,9648
463821,35
463821,10751
463821,14
463821,27
463821,9648
253,12
253,28
253,53
760161,27
760161,53
10925,35
10925,27
10925,878
1275779,878
1275779,53
5336,27
5336,18
11282,35
11282,12
29427,9648
29427,27
29427,28
10590,28
10590,36
10590,10752
864,35
864,12
864,18
203,18
203,80
319888,35
319888,18
319888,36
319888,12
37797,16
37797,18
37797,10751
8224,53
8224,80
8224,9648
602734,27
602734,9648
8346,35
8346,18
8346,10749
796499,28
796499,80
796499,35
682,12
682,28
682,53
585216,27
585216,53
585216,9648
18947,18
18947,35
146198,28
146198,80
146198,12
146198,53
59678,28
59678,35
59678,878
82525,80
82525,18
82525,53
9276,27
9276,878
8452,28
8452,878
8452,53
339967,18
339967,14
339967,878
9571,35
9571,18
1923,18
1923,9648
1923,27
483184,80
483184,18
483184,53
465136,10749
465136,14
650,80
650,18
8461,53
8461,27
228066,18
228066,878
228066,53
2309,12
2309,10751
2309,14
804,10749
804,35
804,18
6282,35
6282,18
6282,10402
6282,10749
13051,80
13051,28
13051,18
137093,35
446893,10751
446893,16
446893,35
446893,14
446893,12
446893,10402
24238,16
24238,35
24238,18
10603,12
10603,35
10603,10751
10603,10749
10314,35
10314,10749
9381,28
9381,12
9381,878
9381,53
8769,27
556803,10749
556803,35
4564,35
4564,18
4564,10749
940551,10751
940551,35
940551,12
940551,16
10673,80
10673,18
11281,27
14069,14
14069,16
14069,18
14069,878
591274,27
591274,9648
591274,18
48171,18
48171,53
48171,27
691,12
691,28
691,53
88005,35
88005,18
88005,10749
10708,35
10708,10751
10024,18
345938,18
345938,10751
802,18
632357,27
632357,9648
8274,35
1844,10749
1844,18
1844,9648
11806,10751
11806,35
458594,28
458594,53
198375,16
198375,18
198375,10749
339692,80
339692,18
339692,53
655,18
500682,80
500682,18
500682,53
184346,53
184346,80
184346,27
931285,28
931285,14
931285,12
698,28
698,12
698,53
698,878
14411,28
14411,12
14411,16
14411,10751
14411,14
426543,10751
426543,14
426543,12
1677,18
1677,10402
1100782,27
1100782,10402
1100782,9648
1100782,53
37950,18
37950,10749
23488,14
23488,18
23488,53
399019,18
2609,35
700,12
700,28
700,53
77866,53
77866,28
77866,18
77866,80
559907,12
559907,18
559907,14
5994,35
5994,18
5994,10749
5994,14
1691,27
10474,18
10474,80
12180,16
12180,28
12180,878
12180,12
755566,28
755566,14
755566,27
755566,35
755566,53
12184,18
12184,10749
12184,36
73861,80
73861,27
73861,53
71880,35
71880,10751
2642,10749
2642,35
9285,35
9285,12
384682,35
14164,28
14164,12
14164,14
14164,878
14164,53
629176,878
629176,80
629176,28
48231,18
21032,12
21032,16
21032,18
21032,10751
11104,18
11104,35
11104,10749
500840,9648
500840,53
500840,18
707,12
707,28
707,53
41402,18
41402,27
41402,9648
24803,10749
24803,18
310593,35
310593,18
310593,10749
62838,35
62838,10749
15144,35
15144,10749
1788,18
1788,10749
470044,80
470044,18
374416,35
374416,10751
374416,12
868759,28
868759,35
868759,10749
967847,14
967847,12
967847,35
552524,10751
552524,878
552524,35
10664,53
10664,27
1114513,27
1114513,53
13680,35
13680,10751
7461,18
7461,28
7461,53
7461,80
19901,28
19901,14
19901,878
429300,53
9477,12
411088,18
90,28
9334,14
9705,53
8914,28
1429,80
57800,10751
456740,27
